Sleep,Sad_Recoded
1.0,0.513262599469496
2.0,0.4104838709677419
3.0,0.3239281788200806
4.0,0.25345877144438295
5.0,0.22490104354084203
6.0,0.2554054054054054
7.0,0.284
